,Entry Time,Exit Time,Type,Entry Price,Exit Price,Qty,PnL,Reason
0,2023-12-21 10:15:00+05:30,2023-12-21 10:17:00+05:30,Short,1957.3499755859375,1958.5548959512637,1659,-1998.9628860761466,Stop
1,2023-12-22 10:15:00+05:30,2023-12-22 10:16:00+05:30,Long,1949.3499755859375,1948.1600804431162,1680,-1999.023839939855,Stop
2,2023-12-26 10:15:00+05:30,2023-12-26 10:17:00+05:30,Short,2006.949951171875,2003.2323823658924,1613,5996.438484049993,Target
3,2023-12-27 10:15:00+05:30,2023-12-27 10:17:00+05:30,Short,2018.6500244140625,2016.519526238513,2816,5999.482862347446,Target
4,2023-12-28 10:15:00+05:30,2023-12-28 10:31:00+05:30,Short,2016.949951171875,2013.938113576965,1992,5999.580489060816,Target
5,2023-12-29 10:17:00+05:30,2023-12-29 10:19:00+05:30,Short,2005.9000244140625,2006.6661348983841,2610,-1999.5483640794896,Stop
6,2024-01-01 10:15:00+05:30,2024-01-01 10:22:00+05:30,Short,2039.0,2036.0512206755673,2034,5997.817145896182,Target
7,2024-01-02 10:15:00+05:30,2024-01-02 10:21:00+05:30,Short,1989.4000244140625,1985.0995459635537,1395,5999.1674384597245,Target
8,2024-01-03 10:15:00+05:30,2024-01-03 10:25:00+05:30,Long,1967.1500244140625,1970.5744659737575,1752,5999.621612585586,Target
9,2024-01-04 10:15:00+05:30,2024-01-04 10:21:00+05:30,Short,1987.5999755859375,1988.3618187801458,2625,-1999.8383847967034,Stop
10,2024-01-05 10:15:00+05:30,2024-01-05 10:17:00+05:30,Short,1996.5999755859375,1997.5375330467973,2133,-1999.8100640139687,Stop
11,2024-01-08 10:18:00+05:30,2024-01-08 10:19:00+05:30,Long,2027.050048828125,2024.9341756074055,945,-1999.5001935799746,Stop
12,2024-01-09 10:17:00+05:30,2024-01-09 10:22:00+05:30,Long,2024.25,2027.924072467473,1633,5999.760339383449,Target
13,2024-01-10 10:15:00+05:30,2024-01-10 10:16:00+05:30,Short,2010.1500244140625,2010.8926235316192,2693,-1999.819423580099,Stop
14,2024-01-11 10:16:00+05:30,2024-01-11 10:20:00+05:30,Long,2043.75,2042.6329969201504,1790,-1999.435512930802,Stop
15,2024-01-12 10:18:00+05:30,2024-01-12 10:21:00+05:30,Long,2069.949951171875,2068.987831142579,2078,-1999.2854208768276,Stop
16,2024-01-15 10:17:00+05:30,2024-01-15 10:29:00+05:30,Short,2048.39990234375,2050.0011142091817,1249,-1999.913619924132,Stop
17,2024-01-16 10:16:00+05:30,2024-01-16 10:18:00+05:30,Short,2025.5,2023.1133183550623,2513,5997.730973728321,Target
18,2024-01-17 10:15:00+05:30,2024-01-17 10:19:00+05:30,Long,2021.9000244140625,2026.506794524515,1302,5998.014683809212,Target
19,2024-01-18 10:15:00+05:30,2024-01-18 10:23:00+05:30,Long,1999.199951171875,2005.5073555769484,951,5998.341589224789,Target
20,2024-01-19 10:15:00+05:30,2024-01-19 10:18:00+05:30,Long,2015.449951171875,2014.2492373599255,1665,-1999.1884968959619,Stop
21,2024-01-20 10:15:00+05:30,2024-01-20 10:17:00+05:30,Short,2027.5999755859375,2028.6084692498086,1983,-1999.8429354564898,Stop
22,2024-01-23 10:16:00+05:30,2024-01-23 10:23:00+05:30,Short,2035.449951171875,2032.449483270711,1999,5997.935334426895,Target
23,2024-01-24 10:16:00+05:30,2024-01-24 10:18:00+05:30,Long,1977.4000244140625,1981.3073411799855,1535,5997.73123569187,Target
24,2024-01-25 10:17:00+05:30,2024-01-25 10:20:00+05:30,Short,1966.949951171875,1960.8376651358867,981,5996.152601304513,Target
25,2024-01-29 10:15:00+05:30,2024-01-29 10:19:00+05:30,Short,1968.3499755859375,1969.9753871262308,1230,-1999.2561945607235,Stop
26,2024-01-30 10:15:00+05:30,2024-01-30 10:19:00+05:30,Short,1987.0999755859375,1988.3142879322136,1647,-1999.972434316694,Stop
27,2024-01-31 10:15:00+05:30,2024-01-31 10:18:00+05:30,Long,1959.8499755859375,1962.4868712327932,2275,5998.937596596698,Target
28,2024-02-01 10:15:00+05:30,2024-02-01 10:20:00+05:30,Short,2014.5,2011.3689713648494,1916,5999.05086494863,Target
29,2024-02-02 10:19:00+05:30,2024-02-02 10:21:00+05:30,Short,2028.0,2025.0293513079182,2019,5997.739709313144,Target
30,2024-02-05 10:16:00+05:30,2024-02-05 10:19:00+05:30,Short,2067.0,2061.72346578314,1137,5999.4194045698205,Target
31,2024-02-06 10:15:00+05:30,2024-02-06 10:21:00+05:30,Long,2050.300048828125,2053.1372120195215,2114,5997.762986612169,Target
32,2024-02-07 10:15:00+05:30,2024-02-07 10:16:00+05:30,Short,2056.75,2057.585423229067,2393,-1999.1677871576808,Stop
33,2024-02-08 10:17:00+05:30,2024-02-08 10:24:00+05:30,Short,2053.85009765625,2054.731466639537,2269,-1999.8262230778573,Stop
34,2024-02-09 10:20:00+05:30,2024-02-09 10:25:00+05:30,Short,2029.75,2026.0999288346864,1643,5997.066924610323,Target
35,2024-02-12 10:15:00+05:30,2024-02-12 10:21:00+05:30,Long,2028.699951171875,2027.5315124014692,1711,-1999.198736164372,Stop
36,2024-02-13 10:16:00+05:30,2024-02-13 10:17:00+05:30,Long,2038.300048828125,2041.6465470852347,1792,5996.92487674061,Target
37,2024-02-14 10:15:00+05:30,2024-02-14 10:16:00+05:30,Long,2045.5999755859375,2048.7927663722307,1879,5999.253887445006,Target
38,2024-02-15 10:22:00+05:30,2024-02-15 10:28:00+05:30,Short,2081.60009765625,2076.58957090155,1197,5997.600525376014,Target
39,2024-02-16 10:17:00+05:30,2024-02-16 10:27:00+05:30,Long,2167.10009765625,2173.5531429300477,929,5994.879059358036,Target
40,2024-02-19 10:15:00+05:30,2024-02-19 10:20:00+05:30,Short,2109.449951171875,2104.00856106693,1102,5996.411895649594,Target
41,2024-02-20 10:18:00+05:30,2024-02-20 10:20:00+05:30,Long,2117.75,2116.2000179168845,1290,-1999.4768872190434,Stop
42,2024-02-21 10:15:00+05:30,2024-02-21 10:23:00+05:30,Short,2131.550048828125,2128.71429209476,2115,5997.6254910671605,Target
43,2024-02-22 10:15:00+05:30,2024-02-22 10:17:00+05:30,Long,2099.10009765625,2104.355449021628,1141,5996.355907896206,Target
44,2024-02-23 10:15:00+05:30,2024-02-23 10:16:00+05:30,Short,2126.25,2126.8672153036628,3240,-1999.7775838673442,Stop
45,2024-02-26 10:15:00+05:30,2024-02-26 10:17:00+05:30,Long,2094.89990234375,2093.6675901012504,1622,-1998.8104573343098,Stop
46,2024-02-27 10:16:00+05:30,2024-02-27 10:23:00+05:30,Long,2144.89990234375,2143.378129974156,1314,-1999.6088936467077,Stop
47,2024-02-28 10:15:00+05:30,2024-02-28 10:16:00+05:30,Short,2122.64990234375,2123.882692957751,1622,-1999.5863759093063,Stop
48,2024-02-29 10:16:00+05:30,2024-02-29 10:20:00+05:30,Long,2100.75,2099.2941066912517,1373,-1998.9415129113786,Stop
49,2024-03-01 10:18:00+05:30,2024-03-01 10:25:00+05:30,Long,2151.300048828125,2149.778081675989,1314,-1999.864837906517,Stop
50,2024-03-02 11:15:00+05:30,2024-03-02 11:30:00+05:30,Short,2262.5,2258.278611447757,1421,5998.59313273708,Target
51,2024-03-04 10:15:00+05:30,2024-03-04 10:18:00+05:30,Short,2244.0,2239.543410538144,1346,5998.569415657982,Target
52,2024-03-05 10:17:00+05:30,2024-03-05 10:19:00+05:30,Long,2264.949951171875,2263.1027937431695,1082,-1998.6243378593363,Stop
53,2024-03-06 10:16:00+05:30,2024-03-06 10:18:00+05:30,Short,2256.85009765625,2258.731525452576,1063,-1999.9577474946223,Stop
54,2024-03-07 10:16:00+05:30,2024-03-07 10:29:00+05:30,Long,2291.5,2296.137758567592,1293,5996.621827896256,Target
55,2024-03-11 10:20:00+05:30,2024-03-11 10:23:00+05:30,Short,2288.949951171875,2284.3097427187577,1293,5999.789529880719,Target
56,2024-03-12 10:18:00+05:30,2024-03-12 10:23:00+05:30,Short,2269.449951171875,2266.003868615661,1741,5999.629730368837,Target
57,2024-03-13 10:17:00+05:30,2024-03-13 10:21:00+05:30,Short,2224.199951171875,2217.834734895145,942,5996.033732679495,Target
58,2024-03-14 10:16:00+05:30,2024-03-14 10:17:00+05:30,Long,2144.0,2141.7458034843494,887,-1999.4723093820994,Stop
59,2024-03-15 10:15:00+05:30,2024-03-15 10:17:00+05:30,Short,2115.0,2116.8321346728058,1091,-1998.858928031074,Stop
60,2024-03-18 10:19:00+05:30,2024-03-18 10:21:00+05:30,Short,2038.5999755859375,2040.697318458764,953,-1998.7677578035616,Stop
61,2024-03-19 10:16:00+05:30,2024-03-19 10:22:00+05:30,Long,2016.75,2015.3074794362437,1386,-1999.333501366178,Stop
62,2024-03-20 10:21:00+05:30,2024-03-20 10:22:00+05:30,Long,2014.6500244140625,2012.1770150343184,808,-1998.1915788332317,Stop
63,2024-03-21 10:15:00+05:30,2024-03-21 10:20:00+05:30,Long,2054.550048828125,2059.023877438585,1341,5999.404166626598,Target
64,2024-03-22 10:18:00+05:30,2024-03-22 10:20:00+05:30,Long,2051.39990234375,2054.62911513448,1858,5999.877365176134,Target
65,2024-03-26 10:17:00+05:30,2024-03-26 10:18:00+05:30,Long,2039.5999755859375,2038.2000744382167,1428,-1999.0588389453187,Stop
66,2024-03-27 10:15:00+05:30,2024-03-27 10:16:00+05:30,Short,2119.89990234375,2121.1849985182093,1556,-1999.609647458734,Stop
67,2024-03-28 10:15:00+05:30,2024-03-28 10:17:00+05:30,Long,2112.85009765625,2111.5240934824787,1508,-1999.614294047049,Stop
68,2024-04-01 10:15:00+05:30,2024-04-01 10:21:00+05:30,Short,2183.0,2179.065474579488,1524,5996.216740860011,Target
69,2024-04-02 10:16:00+05:30,2024-04-02 10:22:00+05:30,Long,2128.10009765625,2132.3702687518635,1405,5999.590389336936,Target
70,2024-04-03 10:15:00+05:30,2024-04-03 10:19:00+05:30,Short,2141.699951171875,2142.8575310512965,1727,-1999.140451760963,Stop
71,2024-04-04 10:17:00+05:30,2024-04-04 10:20:00+05:30,Long,2095.64990234375,2100.2058502621644,1316,5995.627460633355,Target
72,2024-04-05 10:15:00+05:30,2024-04-05 11:23:00+05:30,Long,2070.0,2068.9546040038467,1913,-1999.8425406412143,Stop
73,2024-04-08 10:16:00+05:30,2024-04-08 10:19:00+05:30,Long,2092.199951171875,2091.0025502736557,1670,-1999.6595000261595,Stop
74,2024-04-09 10:15:00+05:30,2024-04-09 10:17:00+05:30,Short,2125.0,2121.40204479482,1667,5997.791327034918,Target
75,2024-04-10 10:15:00+05:30,2024-04-10 10:21:00+05:30,Long,2094.050048828125,2099.0489470013463,1200,5998.677807865533,Target
76,2024-04-12 10:15:00+05:30,2024-04-12 10:19:00+05:30,Long,2105.0,2104.0392160677493,2081,-1999.3913630137195,Stop
77,2024-04-15 10:15:00+05:30,2024-04-15 10:20:00+05:30,Short,2030.949951171875,2033.226668725161,878,-1998.9580117851624,Stop
78,2024-04-16 10:16:00+05:30,2024-04-16 10:18:00+05:30,Short,1983.449951171875,1984.9490791932517,1334,-1999.8367805165062,Stop
79,2024-04-18 10:15:00+05:30,2024-04-18 10:18:00+05:30,Long,1951.4000244140625,1955.4528592821912,1480,5998.195604830453,Target
80,2024-04-19 10:15:00+05:30,2024-04-19 10:22:00+05:30,Long,1904.800048828125,1903.3082612819471,1340,-1998.9953118783524,Stop
81,2024-04-22 10:18:00+05:30,2024-04-22 10:21:00+05:30,Long,1912.1500244140625,1910.8319285310013,1517,-1999.5514546038899,Stop
82,2024-04-23 10:15:00+05:30,2024-04-23 10:16:00+05:30,Long,1930.0,1929.0019301007028,2003,-1999.1340082923048,Stop
83,2024-04-24 10:16:00+05:30,2024-04-24 10:18:00+05:30,Long,1953.9000244140625,1957.2444568444355,1794,5999.911780089144,Target
84,2024-04-25 10:15:00+05:30,2024-04-25 10:16:00+05:30,Long,1977.8499755859375,1976.9487808375534,2219,-1999.751146664349,Stop
85,2024-04-26 10:19:00+05:30,2024-04-26 10:22:00+05:30,Short,2018.550048828125,2019.7350964037275,1687,-1999.1752600414832,Stop
86,2024-04-29 10:15:00+05:30,2024-04-29 10:24:00+05:30,Long,2019.25,2017.7052289187166,1294,-1998.9337791807752,Stop
87,2024-04-30 10:15:00+05:30,2024-04-30 10:20:00+05:30,Short,2088.800048828125,2083.9077108412657,1226,5998.006371889471,Target
88,2024-05-02 10:20:00+05:30,2024-05-02 10:21:00+05:30,Short,2084.949951171875,2086.4755844376105,1310,-1998.5795781134402,Stop
89,2024-05-03 10:15:00+05:30,2024-05-03 10:18:00+05:30,Short,2072.449951171875,2069.4250031299,1983,5998.471967236865,Target
90,2024-05-06 10:17:00+05:30,2024-05-06 10:20:00+05:30,Long,2045.800048828125,2051.289057321082,1093,5999.486282802061,Target
91,2024-05-07 10:16:00+05:30,2024-05-07 10:17:00+05:30,Short,2050.199951171875,2051.5547595877692,1476,-1999.6972218598985,Stop
92,2024-05-08 10:17:00+05:30,2024-05-08 10:19:00+05:30,Long,1948.0,1946.2857107625555,1166,-1998.8612508603082,Stop
93,2024-05-09 10:20:00+05:30,2024-05-09 10:22:00+05:30,Long,2098.0,2095.151365010067,702,-1999.7417629330284,Stop
94,2024-05-10 10:15:00+05:30,2024-05-10 10:18:00+05:30,Short,2067.89990234375,2071.309109509091,586,-1997.795398889727,Stop
95,2024-05-13 10:34:00+05:30,2024-05-13 10:46:00+05:30,Short,2028.300048828125,2023.1619921149074,1167,5996.112184324899,Target
96,2024-05-14 10:17:00+05:30,2024-05-14 10:20:00+05:30,Long,2107.85009765625,2105.009814144789,704,-1999.559592068661,Stop
97,2024-05-15 10:18:00+05:30,2024-05-15 10:20:00+05:30,Short,2126.89990234375,2128.3850023853615,1346,-1998.944656009121,Stop
98,2024-05-16 10:15:00+05:30,2024-05-16 10:16:00+05:30,Short,2123.0,2124.56255792589,1279,-1998.5115872131887,Stop
99,2024-05-17 10:15:00+05:30,2024-05-17 10:22:00+05:30,Long,2147.949951171875,2151.9424482451273,1502,5996.730604024883,Target
100,2024-05-18 11:30:00+05:30,2024-05-18 11:31:00+05:30,Short,2191.0,2193.2185522225377,901,-1998.9155525064766,Stop
101,2024-05-21 10:18:00+05:30,2024-05-21 10:21:00+05:30,Long,2155.300048828125,2153.661065905747,1220,-1999.5591653012707,Stop
102,2024-05-22 10:15:00+05:30,2024-05-22 10:19:00+05:30,Short,2150.64990234375,2146.5223459822855,1453,5997.339393207897,Target
103,2024-05-23 10:15:00+05:30,2024-05-23 10:23:00+05:30,Short,2161.300048828125,2157.9571738168333,1794,5997.117770257226,Target
104,2024-05-24 10:17:00+05:30,2024-05-24 10:36:00+05:30,Short,2175.64990234375,2171.597306924947,1480,5997.841219828242,Target
105,2024-05-27 10:16:00+05:30,2024-05-27 10:18:00+05:30,Long,2214.35009765625,2212.3709267965064,1010,-1998.9625683410259,Stop
106,2024-05-28 10:15:00+05:30,2024-05-28 10:19:00+05:30,Short,2240.0,2241.6642857759143,1201,-1998.8072168731014,Stop
107,2024-05-29 10:16:00+05:30,2024-05-29 10:17:00+05:30,Short,2234.10009765625,2235.1443286367935,1915,-1999.7023277407811,Stop
108,2024-05-30 10:15:00+05:30,2024-05-30 10:23:00+05:30,Long,2240.050048828125,2239.213146958475,2389,-1999.3585665935257,Stop
109,2024-05-31 10:19:00+05:30,2024-05-31 10:22:00+05:30,Short,2207.449951171875,2199.251830182594,731,5992.826443164448,Target
110,2024-06-03 10:15:00+05:30,2024-06-03 10:18:00+05:30,Short,2242.5,2235.107670596227,811,5995.179146460022,Target
111,2024-06-04 10:15:00+05:30,2024-06-04 10:24:00+05:30,Short,2238.60009765625,2241.1853260926196,773,-1998.3815813136712,Stop
112,2024-06-05 10:15:00+05:30,2024-06-05 10:16:00+05:30,Long,2290.0,2285.6291316988877,457,-1997.4868136083192,Stop
113,2024-06-06 10:18:00+05:30,2024-06-06 10:20:00+05:30,Long,2349.199951171875,2347.194874088473,997,-1999.061852151624,Stop
114,2024-06-07 10:15:00+05:30,2024-06-07 10:21:00+05:30,Short,2415.0,2410.1992767440715,1249,5996.103346654647,Target
115,2024-06-10 10:15:00+05:30,2024-06-10 10:16:00+05:30,Long,2426.75,2425.2651325027477,1346,-1998.6316513015327,Stop
116,2024-06-11 10:15:00+05:30,2024-06-11 10:18:00+05:30,Long,2428.199951171875,2427.062199282101,1757,-1999.0300703327089,Stop
117,2024-06-12 10:15:00+05:30,2024-06-12 10:16:00+05:30,Short,2430.0,2431.1306081759135,1768,-1998.9152550150575,Stop
118,2024-06-13 10:17:00+05:30,2024-06-13 10:20:00+05:30,Short,2436.949951171875,2438.675334273487,1159,-1999.7190147681881,Stop
119,2024-06-14 10:15:00+05:30,2024-06-14 10:16:00+05:30,Long,2454.75,2453.3383150324125,1416,-1998.945914103846,Stop
120,2024-06-18 10:16:00+05:30,2024-06-18 10:17:00+05:30,Short,2490.800048828125,2492.291901843357,1340,-1999.0830404111603,Stop
121,2024-06-19 10:15:00+05:30,2024-06-19 10:17:00+05:30,Short,2451.5,2453.435440706802,1033,-1999.3102501266549,Stop
122,2024-06-20 10:15:00+05:30,2024-06-20 10:20:00+05:30,Short,2433.10009765625,2427.6447890857194,1099,5995.384119013166,Target
123,2024-06-21 10:15:00+05:30,2024-06-21 10:20:00+05:30,Short,2456.60009765625,2458.42632661074,1095,-1999.7207051665873,Stop
124,2024-06-24 10:16:00+05:30,2024-06-24 10:18:00+05:30,Long,2440.0,2444.814784048848,1246,5999.220924864852,Target
125,2024-06-25 10:15:00+05:30,2024-06-25 10:17:00+05:30,Short,2480.949951171875,2475.5138154523956,1103,5996.057698585726,Target
126,2024-06-26 10:15:00+05:30,2024-06-26 10:18:00+05:30,Long,2356.0,2360.9893413209074,1202,5997.188267730746,Target
127,2024-06-27 10:15:00+05:30,2024-06-27 10:16:00+05:30,Long,2380.0,2377.985509795963,992,-1998.3742824046785,Stop
128,2024-06-28 10:15:00+05:30,2024-06-28 10:17:00+05:30,Long,2339.0,2337.8032728044113,1671,-1999.7311438286583,Stop
129,2024-07-01 10:15:00+05:30,2024-07-01 10:17:00+05:30,Short,2372.5,2373.7325581669966,1622,-1999.2093468684343,Stop
130,2024-07-02 10:15:00+05:30,2024-07-02 10:16:00+05:30,Short,2366.300048828125,2368.0485904499756,1143,-1998.583073775194,Stop
131,2024-07-03 10:15:00+05:30,2024-07-03 10:17:00+05:30,Short,2369.949951171875,2371.341318941549,1437,-1999.3954850217701,Stop
132,2024-07-04 10:15:00+05:30,2024-07-04 10:23:00+05:30,Long,2327.64990234375,2326.4154564273995,1620,-1999.802384487848,Stop
133,2024-07-05 10:17:00+05:30,2024-07-05 10:22:00+05:30,Long,2402.800048828125,2407.107750541575,1392,5996.32078512256,Target
134,2024-07-08 10:18:00+05:30,2024-07-08 10:22:00+05:30,Long,2410.64990234375,2414.4695882342116,1570,5996.906848024778,Target
135,2024-07-09 10:16:00+05:30,2024-07-09 10:18:00+05:30,Long,2409.35009765625,2414.1223589732076,1257,5998.732475415716,Target
136,2024-07-10 10:15:00+05:30,2024-07-10 10:16:00+05:30,Short,2452.5,2454.768974576431,881,-1998.9666018357038,Stop
137,2024-07-11 10:16:00+05:30,2024-07-11 10:17:00+05:30,Short,2476.75,2479.694768966347,679,-1999.4981281496507,Stop
138,2024-07-12 10:18:00+05:30,2024-07-12 10:22:00+05:30,Short,2451.949951171875,2453.14245584103,1677,-1999.830330172791,Stop
139,2024-07-15 10:15:00+05:30,2024-07-15 10:19:00+05:30,Short,2446.64990234375,2447.8041661113375,1732,-1999.1848454615647,Stop
140,2024-07-16 10:15:00+05:30,2024-07-16 10:16:00+05:30,Long,2450.300048828125,2448.6071873848123,1181,-1999.269364552325,Stop
141,2024-07-18 10:15:00+05:30,2024-07-18 10:16:00+05:30,Long,2432.550048828125,2430.633940895006,1043,-1998.5005742429476,Stop
142,2024-07-19 10:16:00+05:30,2024-07-19 10:20:00+05:30,Short,2390.0,2392.214652630626,903,-1999.8313254552831,Stop
143,2024-07-22 10:16:00+05:30,2024-07-22 10:28:00+05:30,Short,2433.550048828125,2435.5826598252534,983,-1998.0566101771765,Stop
144,2024-07-23 10:16:00+05:30,2024-07-23 10:17:00+05:30,Long,2404.35009765625,2408.8481484481595,1333,5995.901705615315,Target
145,2024-07-24 10:15:00+05:30,2024-07-24 10:16:00+05:30,Short,2444.89990234375,2446.265339576451,1464,-1999.0001086742195,Stop
146,2024-07-25 10:17:00+05:30,2024-07-25 10:29:00+05:30,Long,2427.050048828125,2425.7941953569416,1592,-1999.3187261239727,Stop
147,2024-07-26 10:16:00+05:30,2024-07-26 10:17:00+05:30,Short,2515.0,2517.580150617839,775,-1999.6167288252877,Stop
148,2024-07-29 10:15:00+05:30,2024-07-29 10:16:00+05:30,Short,2477.60009765625,2479.4418622756916,1085,-1998.314612094157,Stop
149,2024-07-30 10:16:00+05:30,2024-07-30 10:21:00+05:30,Short,2501.0,2502.500391390265,1332,-1998.5213318331425,Stop
150,2024-07-31 10:16:00+05:30,2024-07-31 10:22:00+05:30,Short,2544.10009765625,2538.366702836259,1046,5997.130981710785,Target
151,2024-08-01 10:23:00+05:30,2024-08-01 10:24:00+05:30,Short,2590.050048828125,2592.4714052821273,825,-1997.6190745519034,Stop
152,2024-08-02 10:17:00+05:30,2024-08-02 10:32:00+05:30,Short,2565.0,2566.8970876665608,1054,-1999.530400555046,Stop
153,2024-08-05 10:15:00+05:30,2024-08-05 10:19:00+05:30,Long,2519.550048828125,2523.9133549700664,1375,5999.545945169416,Target
154,2024-08-06 10:15:00+05:30,2024-08-06 10:16:00+05:30,Short,2506.10009765625,2507.4091603401257,1527,-1998.9387182782075,Stop
155,2024-08-07 10:18:00+05:30,2024-08-07 10:19:00+05:30,Long,2550.699951171875,2558.8221305806537,738,5994.1684036786955,Target
156,2024-08-08 10:15:00+05:30,2024-08-08 10:16:00+05:30,Short,2544.75,2546.794272217847,978,-1999.2982290541804,Stop
157,2024-08-09 10:15:00+05:30,2024-08-09 10:17:00+05:30,Long,2563.39990234375,2568.306669387304,1222,5996.069327222777,Target
158,2024-08-12 10:19:00+05:30,2024-08-12 10:21:00+05:30,Long,2554.10009765625,2552.6125755070857,1344,-1999.2297684768273,Stop
159,2024-08-13 10:18:00+05:30,2024-08-13 10:19:00+05:30,Long,2595.0,2593.237805747436,1134,-1998.3282824074158,Stop
160,2024-08-14 10:17:00+05:30,2024-08-14 10:23:00+05:30,Short,2623.39990234375,2618.919590342777,1339,5999.137769302639,Target
161,2024-08-16 10:17:00+05:30,2024-08-16 10:18:00+05:30,Long,2599.25,2597.826233553769,1404,-1998.9680905085825,Stop
162,2024-08-19 10:19:00+05:30,2024-08-19 10:20:00+05:30,Long,2595.0,2600.29299145096,1133,5996.959313937699,Target
163,2024-08-20 10:15:00+05:30,2024-08-20 10:17:00+05:30,Short,2643.800048828125,2639.005891313077,1251,5997.4910513250825,Target
164,2024-08-22 10:15:00+05:30,2024-08-22 10:16:00+05:30,Long,2668.199951171875,2666.6063504144117,1255,-1999.9689506163963,Stop
165,2024-08-23 10:25:00+05:30,2024-08-23 10:32:00+05:30,Long,2784.050048828125,2782.2651031672126,1120,-1999.139140221887,Stop
166,2024-08-26 10:15:00+05:30,2024-08-26 10:18:00+05:30,Short,2785.949951171875,2787.583547144919,1224,-1999.5214710059372,Stop
167,2024-08-27 10:15:00+05:30,2024-08-27 10:19:00+05:30,Long,2750.550048828125,2754.8874705608036,1383,5998.654256294572,Target
168,2024-08-28 10:15:00+05:30,2024-08-28 10:17:00+05:30,Long,2725.85009765625,2724.404070710988,1383,-1999.855265297373,Stop
169,2024-08-29 10:15:00+05:30,2024-08-29 10:17:00+05:30,Short,2745.64990234375,2741.4732492739004,1436,5997.673808304076,Target
170,2024-08-30 10:17:00+05:30,2024-08-30 10:20:00+05:30,Long,2777.449951171875,2775.9043391997434,1293,-1998.4762799661717,Stop
171,2024-09-02 10:20:00+05:30,2024-09-02 10:26:00+05:30,Long,2786.64990234375,2793.7416578324087,846,5999.625143405253,Target
172,2024-09-03 10:17:00+05:30,2024-09-03 10:19:00+05:30,Short,2797.5,2798.9425160710002,1386,-1999.3272744063152,Stop
173,2024-09-04 10:15:00+05:30,2024-09-04 10:27:00+05:30,Long,2771.5,2770.089876901984,1418,-1999.5545529865485,Stop
174,2024-09-05 10:15:00+05:30,2024-09-05 10:16:00+05:30,Short,2775.0,2775.8868035539276,2255,-1999.7420141067846,Stop
175,2024-09-06 10:17:00+05:30,2024-09-06 10:18:00+05:30,Long,2737.75,2735.3559633603545,835,-1999.0205941039858,Stop
176,2024-09-09 10:15:00+05:30,2024-09-09 10:16:00+05:30,Long,2725.0,2723.4487793678663,1289,-1999.5233948202922,Stop
177,2024-09-10 10:15:00+05:30,2024-09-10 10:16:00+05:30,Short,2765.89990234375,2761.6742013428066,1419,5996.269720338749,Target
178,2024-09-11 10:17:00+05:30,2024-09-11 10:18:00+05:30,Short,2763.199951171875,2758.6083095090275,1306,5996.684011678771,Target
179,2024-09-12 10:17:00+05:30,2024-09-12 10:22:00+05:30,Long,2790.75,2788.1930824072847,782,-1999.509557503371,Stop
180,2024-09-13 10:15:00+05:30,2024-09-13 10:18:00+05:30,Long,2826.5,2825.1328521068413,1462,-1998.7702197980843,Stop
181,2024-09-16 10:15:00+05:30,2024-09-16 10:18:00+05:30,Long,2826.800048828125,2825.010707141051,1117,-1998.6946644614673,Stop
182,2024-09-17 10:15:00+05:30,2024-09-17 10:17:00+05:30,Long,2788.0,2794.1140073029296,981,5997.8411641739585,Target
183,2024-09-18 10:15:00+05:30,2024-09-18 10:18:00+05:30,Short,2825.35009765625,2826.828627743169,1352,-1998.9726775143645,Stop
184,2024-09-19 10:15:00+05:30,2024-09-19 10:17:00+05:30,Short,2788.0,2783.291019045735,1274,5999.241735733503,Target
185,2024-09-20 10:17:00+05:30,2024-09-20 10:24:00+05:30,Long,2790.0,2787.6429427096123,848,-1998.7845822487943,Stop
186,2024-09-23 10:15:00+05:30,2024-09-23 10:16:00+05:30,Long,2824.35009765625,2832.4910751773564,737,5999.900433055402,Target
187,2024-09-24 10:16:00+05:30,2024-09-24 10:17:00+05:30,Short,2867.699951171875,2869.2495418792687,1290,-1998.9720125378608,Stop
188,2024-09-25 10:16:00+05:30,2024-09-25 10:19:00+05:30,Short,2869.199951171875,2863.8460637283815,1120,5996.353936712694,Target
189,2024-09-26 10:15:00+05:30,2024-09-26 10:18:00+05:30,Long,2850.39990234375,2848.984964439551,1413,-1999.3072586334383,Stop
190,2024-09-27 10:17:00+05:30,2024-09-27 10:22:00+05:30,Long,2882.14990234375,2888.372065124696,964,5998.164920831787,Target
191,2024-09-30 10:18:00+05:30,2024-09-30 10:21:00+05:30,Long,2871.0,2868.0397008537393,675,-1998.2019237259692,Stop
192,2024-10-01 10:15:00+05:30,2024-10-01 10:18:00+05:30,Short,2839.25,2834.0269338313415,1148,5996.0799616199965,Target
193,2024-10-03 10:15:00+05:30,2024-10-03 10:16:00+05:30,Short,2797.0,2798.5758605488136,1269,-1999.767036444433,Stop
194,2024-10-04 10:18:00+05:30,2024-10-04 10:25:00+05:30,Short,2718.050048828125,2720.764682689792,736,-1997.9705221870245,Stop
195,2024-10-07 10:17:00+05:30,2024-10-07 10:18:00+05:30,Short,2662.300048828125,2664.515056097369,902,-1997.9365568579706,Stop
196,2024-10-08 10:17:00+05:30,2024-10-08 10:19:00+05:30,Long,2658.0,2664.80673095952,881,5996.729975337016,Target
197,2024-10-09 10:15:00+05:30,2024-10-09 10:20:00+05:30,Long,2770.0,2778.0291571330536,747,5997.7803783910085,Target
198,2024-10-10 10:16:00+05:30,2024-10-10 10:22:00+05:30,Short,2823.0,2816.647826820417,944,5996.451481526477,Target
199,2024-10-11 10:15:00+05:30,2024-10-11 10:16:00+05:30,Long,2779.050048828125,2777.8566540618226,1675,-1998.9362335565033,Stop
200,2024-10-14 10:15:00+05:30,2024-10-14 10:16:00+05:30,Long,2821.89990234375,2820.495250118546,1423,-1998.8201164649936,Stop
201,2024-10-15 10:20:00+05:30,2024-10-15 10:27:00+05:30,Long,2805.64990234375,2803.781520662702,1070,-1999.1683987214128,Stop
202,2024-10-16 10:15:00+05:30,2024-10-16 10:16:00+05:30,Short,2816.300048828125,2817.9726312146076,1195,-1998.735951846761,Stop
203,2024-10-17 10:16:00+05:30,2024-10-17 10:17:00+05:30,Long,2634.550048828125,2630.2819807041255,468,-1997.4558820317452,Stop
204,2024-10-18 10:15:00+05:30,2024-10-18 10:17:00+05:30,Short,2720.949951171875,2723.287836968842,855,-1998.892356406725,Stop
205,2024-10-21 10:15:00+05:30,2024-10-21 10:22:00+05:30,Long,2704.5,2713.4731595336307,668,5994.070568465293,Target
206,2024-10-22 10:15:00+05:30,2024-10-22 10:18:00+05:30,Short,2710.699951171875,2703.9242063933016,885,5996.534129037482,Target
207,2024-10-23 10:18:00+05:30,2024-10-23 10:23:00+05:30,Short,2729.89990234375,2733.129645867681,619,-1999.2112413133632,Stop
208,2024-10-24 10:27:00+05:30,2024-10-24 10:34:00+05:30,Short,2543.89990234375,2531.4390713162334,481,5993.6597242355,Target
209,2024-10-25 10:20:00+05:30,2024-10-25 10:21:00+05:30,Long,2402.949951171875,2411.596327891477,693,5991.939066684119,Target
210,2024-10-28 10:16:00+05:30,2024-10-28 10:25:00+05:30,Short,2458.699951171875,2461.4687863346767,722,-1999.0989875428122,Stop
211,2024-10-29 10:16:00+05:30,2024-10-29 10:18:00+05:30,Long,2435.0,2432.8019747201133,909,-1998.0049794169909,Stop
212,2024-10-30 10:16:00+05:30,2024-10-30 10:17:00+05:30,Long,2467.0,2465.2289470318387,1129,-1999.5188010540592,Stop
213,2024-10-31 10:15:00+05:30,2024-10-31 10:26:00+05:30,Long,2471.5,2477.336424152003,1028,5999.844028259104,Target
214,2024-11-04 10:18:00+05:30,2024-11-04 10:19:00+05:30,Short,2450.949951171875,2453.346107720227,834,-1998.39456132547,Stop
215,2024-11-05 10:16:00+05:30,2024-11-05 10:19:00+05:30,Long,2427.800048828125,2425.6409009305203,926,-1999.370953181976,Stop
216,2024-11-06 10:23:00+05:30,2024-11-06 10:30:00+05:30,Long,2491.10009765625,2489.202079401647,1053,-1998.6132220968566,Stop
217,2024-11-07 10:16:00+05:30,2024-11-07 10:17:00+05:30,Short,2456.300048828125,2457.909550635826,1242,-1999.0012451643697,Stop
218,2024-11-08 10:16:00+05:30,2024-11-08 10:25:00+05:30,Short,2479.449951171875,2481.24878913512,1111,-1998.508977165423,Stop
219,2024-11-11 10:15:00+05:30,2024-11-11 10:16:00+05:30,Long,2470.60009765625,2468.5114554374236,957,-1998.8306034168722,Stop
220,2024-11-12 10:19:00+05:30,2024-11-12 10:20:00+05:30,Short,2449.199951171875,2450.561468350563,1468,-1998.707218313677,Stop
221,2024-11-13 10:18:00+05:30,2024-11-13 10:24:00+05:30,Short,2400.0,2402.6892649515025,743,-1998.123858966385,Stop
222,2024-11-14 10:20:00+05:30,2024-11-14 10:21:00+05:30,Short,2401.949951171875,2404.003023881806,974,-1999.6928194726015,Stop
223,2024-11-18 10:15:00+05:30,2024-11-18 10:17:00+05:30,Long,2412.300048828125,2410.470831696413,1093,-1999.3343249613085,Stop
224,2024-11-19 10:15:00+05:30,2024-11-19 10:18:00+05:30,Long,2445.449951171875,2448.4504822882623,1999,5998.061701658142,Target
225,2024-11-21 10:16:00+05:30,2024-11-21 10:24:00+05:30,Short,2414.0,2416.1029612033853,951,-1999.9161044194661,Stop
226,2024-11-22 10:17:00+05:30,2024-11-22 10:18:00+05:30,Long,2377.75,2376.2618134072477,1343,-1998.6345940663382,Stop
227,2024-11-25 10:15:00+05:30,2024-11-25 10:19:00+05:30,Short,2465.75,2467.282076345489,1305,-1999.359630862889,Stop
228,2024-11-26 10:15:00+05:30,2024-11-26 10:16:00+05:30,Long,2420.0,2426.5940445197225,909,5993.9864684277545,Target
229,2024-11-27 10:17:00+05:30,2024-11-27 10:21:00+05:30,Short,2426.0,2421.3642628417156,1294,5998.64388282005,Target
230,2024-11-28 10:16:00+05:30,2024-11-28 10:18:00+05:30,Short,2449.199951171875,2445.620579270893,1676,5999.027306045993,Target
231,2024-11-29 10:15:00+05:30,2024-11-29 10:19:00+05:30,Long,2427.60009765625,2425.9627479827536,1221,-1999.2039513390723,Stop
232,2024-12-02 10:15:00+05:30,2024-12-02 10:17:00+05:30,Long,2464.85009765625,2463.0707505542414,1124,-1999.9861426576826,Stop
233,2024-12-03 10:15:00+05:30,2024-12-03 10:19:00+05:30,Short,2561.85009765625,2564.2822336791573,822,-1999.2158108298363,Stop
234,2024-12-04 10:16:00+05:30,2024-12-04 10:17:00+05:30,Short,2537.949951171875,2539.0587709021697,1803,-1999.2019737213918,Stop
235,2024-12-05 10:17:00+05:30,2024-12-05 10:18:00+05:30,Long,2488.5,2486.9538690194067,1293,-1999.147357907087,Stop
236,2024-12-06 10:16:00+05:30,2024-12-06 10:17:00+05:30,Long,2511.25,2508.9525081976635,870,-1998.8178680327383,Stop
237,2024-12-09 10:15:00+05:30,2024-12-09 10:16:00+05:30,Short,2513.75,2514.939236187725,1681,-1999.1060315655118,Stop
238,2024-12-10 10:19:00+05:30,2024-12-10 10:26:00+05:30,Short,2497.800048828125,2494.2201809032276,1676,5999.858642127994,Target
239,2024-12-11 10:15:00+05:30,2024-12-11 10:16:00+05:30,Long,2524.14990234375,2523.101738792838,1908,-1999.896055139705,Stop
240,2024-12-12 10:17:00+05:30,2024-12-12 10:19:00+05:30,Long,2506.35009765625,2509.4081707867686,1962,5999.939482077397,Target
241,2024-12-13 10:15:00+05:30,2024-12-13 10:16:00+05:30,Long,2478.300048828125,2476.731970377029,1275,-1999.3000251473632,Stop
242,2024-12-16 10:15:00+05:30,2024-12-16 10:18:00+05:30,Long,2526.25,2525.2712186806552,2043,-1999.6502354213485,Stop
243,2024-12-17 10:15:00+05:30,2024-12-17 10:19:00+05:30,Short,2492.050048828125,2493.4259028488664,1453,-1999.115892137213,Stop
244,2024-12-18 10:15:00+05:30,2024-12-18 10:17:00+05:30,Long,2455.39990234375,2460.863814764776,1098,5999.375838286745,Target
245,2024-12-19 10:15:00+05:30,2024-12-19 10:16:00+05:30,Long,2432.10009765625,2430.477477833702,1232,-1999.0676213792976,Stop
246,2024-12-20 10:16:00+05:30,2024-12-20 10:17:00+05:30,Short,2442.64990234375,2444.221398233606,1272,-1998.9427718969891,Stop
247,2024-12-23 10:20:00+05:30,2024-12-23 10:23:00+05:30,Short,2409.85009765625,2411.7885689100376,1031,-1998.5638626550272,Stop
248,2024-12-24 10:16:00+05:30,2024-12-24 10:24:00+05:30,Long,2398.14990234375,2401.8088089162634,1639,5996.947872349443,Target
249,2024-12-26 10:16:00+05:30,2024-12-26 10:18:00+05:30,Short,2428.199951171875,2424.2132397113587,1504,5996.0140366165,Target
250,2024-12-27 10:18:00+05:30,2024-12-27 10:19:00+05:30,Short,2484.14990234375,2485.7789525036214,1227,-1998.8445461622568,Stop
251,2024-12-30 10:16:00+05:30,2024-12-30 10:18:00+05:30,Short,2389.0,2383.3359584040836,1059,5998.220050075454,Target
252,2024-12-31 10:15:00+05:30,2024-12-31 10:16:00+05:30,Long,2352.89990234375,2351.2550303215007,1215,-1998.5195070328678,Stop
253,2025-01-01 10:15:00+05:30,2025-01-01 10:24:00+05:30,Long,2360.050048828125,2358.49913464456,1289,-1999.1283826153563,Stop
254,2025-01-02 10:18:00+05:30,2025-01-02 10:24:00+05:30,Long,2422.89990234375,2428.50780811566,1069,5994.851270171605,Target
255,2025-01-03 10:19:00+05:30,2025-01-03 10:20:00+05:30,Long,2479.10009765625,2477.666860927171,1395,-1999.3652370652035,Stop
256,2025-01-06 10:21:00+05:30,2025-01-06 10:22:00+05:30,Short,2483.050048828125,2485.053211214846,998,-1999.1560619477723,Stop
257,2025-01-07 10:22:00+05:30,2025-01-07 10:25:00+05:30,Short,2408.550048828125,2410.6323551121013,960,-1999.0140326172695,Stop
258,2025-01-08 10:16:00+05:30,2025-01-08 10:27:00+05:30,Short,2379.800048828125,2373.634684456674,973,5998.899533421607,Target
259,2025-01-09 10:16:00+05:30,2025-01-09 10:23:00+05:30,Short,2332.0,2333.7578422342876,1137,-1998.6666203850427,Stop
260,2025-01-10 10:26:00+05:30,2025-01-10 10:31:00+05:30,Long,2296.75,2294.844919080868,1049,-1998.4298841696364,Stop
261,2025-01-13 10:15:00+05:30,2025-01-13 10:17:00+05:30,Short,2233.14990234375,2226.905157608908,960,5994.954945448117,Target
262,2025-01-14 10:15:00+05:30,2025-01-14 10:21:00+05:30,Long,2219.199951171875,2224.1804443288797,1204,5996.513761033695,Target
263,2025-01-15 10:16:00+05:30,2025-01-15 10:17:00+05:30,Short,2248.35009765625,2250.5183844043086,922,-1999.160381709995,Stop
264,2025-01-16 10:15:00+05:30,2025-01-16 10:28:00+05:30,Short,2301.35009765625,2302.968113246753,1236,-1999.8672698618211,Stop
265,2025-01-17 10:15:00+05:30,2025-01-17 10:22:00+05:30,Long,2282.0,2285.2358876296403,1854,5999.335665353068,Target
266,2025-01-20 10:16:00+05:30,2025-01-20 10:18:00+05:30,Long,2251.050048828125,2249.480339412068,1274,-1999.8097960564482,Stop
267,2025-01-23 10:17:00+05:30,2025-01-23 10:19:00+05:30,Short,2293.35009765625,2288.6691850860393,1281,5996.249002439899,Target
268,2025-01-24 10:15:00+05:30,2025-01-24 10:18:00+05:30,Long,2266.85009765625,2264.8300381695917,990,-1999.8588917917004,Stop
269,2025-01-27 10:15:00+05:30,2025-01-27 10:20:00+05:30,Short,2251.35009765625,2245.4155185489813,1011,5999.859477448703,Target
270,2025-01-28 10:15:00+05:30,2025-01-28 10:20:00+05:30,Long,2218.5,2224.639094032106,977,5997.894869367744,Target
271,2025-01-29 10:17:00+05:30,2025-01-29 10:24:00+05:30,Short,2509.300048828125,2497.36836496607,502,5989.705298751508,Target
272,2025-01-30 10:15:00+05:30,2025-01-30 10:20:00+05:30,Short,2494.699951171875,2496.627834169875,1037,-1999.2146689258539,Stop
273,2025-01-31 10:16:00+05:30,2025-01-31 10:20:00+05:30,Long,2456.64990234375,2462.238344555342,1073,5996.39849303809,Target
274,2025-02-01 10:15:00+05:30,2025-02-01 10:16:00+05:30,Short,2463.64990234375,2464.8518048287856,1664,-1999.9657350992202,Stop
275,2025-02-03 10:16:00+05:30,2025-02-03 10:21:00+05:30,Long,2631.35009765625,2627.49251448662,518,-1998.2280818682539,Stop
276,2025-02-04 10:17:00+05:30,2025-02-04 10:20:00+05:30,Short,2687.949951171875,2690.4691835376816,793,-1997.751266084635,Stop
277,2025-02-05 10:15:00+05:30,2025-02-05 10:16:00+05:30,Short,2625.14990234375,2626.6728345830807,1313,-1999.6100302411533,Stop
278,2025-02-06 10:15:00+05:30,2025-02-06 10:17:00+05:30,Long,2585.699951171875,2590.1292189602605,1354,5997.228585473912,Target
279,2025-02-07 10:17:00+05:30,2025-02-07 10:18:00+05:30,Long,2588.75,2586.5602117526823,913,-1999.2766698010282,Stop
280,2025-02-10 10:19:00+05:30,2025-02-10 10:21:00+05:30,Short,2574.89990234375,2576.788117689386,1059,-1999.620051028658,Stop
281,2025-02-11 10:15:00+05:30,2025-02-11 10:19:00+05:30,Short,2536.449951171875,2530.870875386562,1075,5997.5064692113165,Target
282,2025-02-12 10:18:00+05:30,2025-02-12 10:19:00+05:30,Long,2433.5,2430.6870046848094,710,-1997.2266737853397,Stop
283,2025-02-13 10:15:00+05:30,2025-02-13 10:22:00+05:30,Short,2514.25,2508.7612352060514,1093,5999.2199197857935,Target
284,2025-02-14 10:15:00+05:30,2025-02-14 10:21:00+05:30,Short,2443.75,2445.806685901562,972,-1999.098696318366,Stop
285,2025-02-17 10:17:00+05:30,2025-02-17 10:19:00+05:30,Short,2380.75,2383.28928926947,787,-1998.4206550728259,Stop
286,2025-02-18 10:16:00+05:30,2025-02-18 10:20:00+05:30,Long,2351.35009765625,2349.23748720238,946,-1998.5294893608498,Stop
287,2025-02-19 10:15:00+05:30,2025-02-19 10:25:00+05:30,Short,2384.75,2386.9702127842374,900,-1998.191505813702,Stop
288,2025-02-20 10:15:00+05:30,2025-02-20 10:19:00+05:30,Long,2378.300048828125,2383.350023282013,1188,5999.3696512188235,Target
289,2025-02-21 10:15:00+05:30,2025-02-21 10:17:00+05:30,Long,2338.0,2346.8672226675108,676,5994.242523237273,Target
290,2025-02-24 10:16:00+05:30,2025-02-24 10:28:00+05:30,Long,2327.64990234375,2334.0799382099,933,5999.2234631178235,Target
291,2025-02-25 10:16:00+05:30,2025-02-25 10:18:00+05:30,Short,2373.64990234375,2375.701958224222,974,-1998.7024275796557,Stop
292,2025-02-27 10:16:00+05:30,2025-02-27 10:17:00+05:30,Long,2336.0,2340.3683423141388,1373,5997.7339973125345,Target
293,2025-02-28 10:27:00+05:30,2025-02-28 10:30:00+05:30,Long,2266.75,2272.7781842482905,995,5998.043327049019,Target
294,2025-03-03 10:15:00+05:30,2025-03-03 10:19:00+05:30,Long,2258.35009765625,2265.756584108144,810,5999.254026034241,Target
295,2025-03-04 10:18:00+05:30,2025-03-04 10:21:00+05:30,Short,2311.949951171875,2306.1933636867516,1042,5998.364159498602,Target
296,2025-03-05 10:15:00+05:30,2025-03-05 10:19:00+05:30,Short,2343.75,2337.349629644466,937,5997.147023135405,Target
297,2025-03-06 10:23:00+05:30,2025-03-06 10:26:00+05:30,Long,2300.89990234375,2306.2905529195195,1113,5999.7940908314995,Target
298,2025-03-07 10:15:00+05:30,2025-03-07 10:20:00+05:30,Long,2339.35009765625,2337.1971293228726,928,-1997.9546133742551,Stop
299,2025-03-10 10:17:00+05:30,2025-03-10 10:20:00+05:30,Short,2324.89990234375,2326.4400213113663,1298,-1999.0744199659684,Stop
300,2025-03-11 10:15:00+05:30,2025-03-11 10:17:00+05:30,Short,2275.39990234375,2268.042567860646,815,5996.227603729631,Target
301,2025-03-12 10:15:00+05:30,2025-03-12 10:16:00+05:30,Long,2249.64990234375,2248.4851790211037,1717,-1999.82994498369,Stop
302,2025-03-13 10:15:00+05:30,2025-03-13 10:18:00+05:30,Short,2283.0,2279.3370375073864,1638,5999.932562901056,Target
303,2025-03-17 10:15:00+05:30,2025-03-17 10:18:00+05:30,Short,2282.0,2284.120710300437,943,-1999.829813312249,Stop
304,2025-03-18 10:16:00+05:30,2025-03-18 10:21:00+05:30,Short,2280.300048828125,2275.690774758747,1301,5996.665564260764,Target
305,2025-03-19 10:20:00+05:30,2025-03-19 10:33:00+05:30,Short,2324.800048828125,2326.0693390329775,1575,-1999.1320726426807,Stop
306,2025-03-20 10:15:00+05:30,2025-03-20 10:16:00+05:30,Long,2314.949951171875,2321.833709804655,871,5995.753769151356,Target
307,2025-03-21 10:20:00+05:30,2025-03-21 10:22:00+05:30,Long,2425.0,2422.609208927541,836,-1998.7013365755538,Stop
308,2025-03-24 10:15:00+05:30,2025-03-24 10:16:00+05:30,Long,2409.60009765625,2407.50166034708,953,-1999.8107556391,Stop
309,2025-03-25 10:16:00+05:30,2025-03-25 10:24:00+05:30,Short,2443.39990234375,2445.68546359693,875,-1999.8660965323438,Stop
310,2025-03-26 10:16:00+05:30,2025-03-26 10:17:00+05:30,Long,2414.5,2419.509765619117,1197,5996.68944608297,Target
311,2025-03-27 10:20:00+05:30,2025-03-27 10:34:00+05:30,Long,2445.0,2443.5381350597013,1368,-1999.8312383286357,Stop
312,2025-03-28 10:15:00+05:30,2025-03-28 10:16:00+05:30,Short,2441.300048828125,2442.6997101320335,1428,-1998.7163419813205,Stop
313,2025-04-01 10:16:00+05:30,2025-04-01 10:18:00+05:30,Short,2441.199951171875,2442.802540224716,1247,-1998.4285488924934,Stop
314,2025-04-02 10:15:00+05:30,2025-04-02 10:17:00+05:30,Short,2510.89990234375,2513.5400042281462,757,-1998.5571264879572,Stop
315,2025-04-03 10:15:00+05:30,2025-04-03 10:17:00+05:30,Long,2457.0,2455.1463353137465,1078,-1998.2505317812984,Stop
316,2025-04-04 10:22:00+05:30,2025-04-04 10:31:00+05:30,Short,2472.85009765625,2475.1726228581833,861,-1999.694198864598,Stop
317,2025-04-07 10:16:00+05:30,2025-04-07 10:19:00+05:30,Long,2347.5,2343.5113438486023,501,-1998.3167318502292,Stop
318,2025-04-08 10:15:00+05:30,2025-04-08 10:19:00+05:30,Long,2368.60009765625,2375.4484056770907,876,5999.117826256457,Target
319,2025-04-09 10:19:00+05:30,2025-04-09 10:21:00+05:30,Long,2438.5,2445.088375188328,910,5995.421421378455,Target
320,2025-04-11 10:15:00+05:30,2025-04-11 10:16:00+05:30,Long,2506.949951171875,2505.315269004248,1223,-1999.2162910078623,Stop
321,2025-04-15 10:15:00+05:30,2025-04-15 10:18:00+05:30,Short,2597.10009765625,2599.117945709344,991,-1999.6874206161392,Stop
322,2025-04-16 10:15:00+05:30,2025-04-16 10:16:00+05:30,Long,2588.89990234375,2587.46050063397,1389,-1999.3289748847164,Stop
323,2025-04-17 10:22:00+05:30,2025-04-17 10:25:00+05:30,Long,2636.39990234375,2641.58443467401,1157,5998.503906110851,Target
324,2025-04-21 10:16:00+05:30,2025-04-21 10:17:00+05:30,Long,2691.89990234375,2690.484700716549,1413,-1999.6798992349932,Stop
325,2025-04-22 10:16:00+05:30,2025-04-22 10:21:00+05:30,Long,2740.199951171875,2737.6823599759527,794,-1998.9674095622668,Stop
326,2025-04-23 10:15:00+05:30,2025-04-23 10:27:00+05:30,Long,2739.699951171875,2745.7798691239072,986,5994.799100703795,Target
327,2025-04-24 10:15:00+05:30,2025-04-24 10:17:00+05:30,Short,2784.89990234375,2779.6886305613316,1151,5998.173821563587,Target
328,2025-04-25 10:15:00+05:30,2025-04-25 10:20:00+05:30,Short,2746.300048828125,2737.078260502181,650,5994.162411863658,Target
329,2025-04-28 10:19:00+05:30,2025-04-28 10:23:00+05:30,Short,2730.60009765625,2732.411193983344,1104,-1999.450345112018,Stop
330,2025-04-29 10:25:00+05:30,2025-04-29 10:26:00+05:30,Short,2699.800048828125,2693.5634244097164,962,5999.632690509083,Target
331,2025-04-30 10:16:00+05:30,2025-04-30 10:24:00+05:30,Short,2686.89990234375,2688.7200304959306,1098,-1998.5007110942843,Stop
332,2025-05-02 10:16:00+05:30,2025-05-02 10:19:00+05:30,Short,2733.800048828125,2726.947496726081,875,5995.983089288302,Target
333,2025-05-05 10:18:00+05:30,2025-05-05 10:19:00+05:30,Long,2765.5,2763.5690311268945,1035,-1998.5527836641768,Stop
334,2025-05-06 10:16:00+05:30,2025-05-06 10:29:00+05:30,Short,2815.300048828125,2807.3029030058615,750,5997.859366697639,Target
335,2025-05-07 10:15:00+05:30,2025-05-07 10:23:00+05:30,Long,2764.5,2770.174566604797,1057,5998.016901270257,Target
336,2025-05-08 10:19:00+05:30,2025-05-08 10:20:00+05:30,Short,2774.199951171875,2775.592949465886,1435,-1998.9525519054905,Stop
337,2025-05-09 10:16:00+05:30,2025-05-09 11:03:00+05:30,Short,2668.0,2661.185231001306,880,5996.996718850751,Target
338,2025-05-12 10:15:00+05:30,2025-05-12 10:18:00+05:30,Short,2753.699951171875,2755.6944776639284,1002,-1998.5155450375169,Stop
339,2025-05-13 10:16:00+05:30,2025-05-13 10:18:00+05:30,Long,2743.60009765625,2741.799018683042,1110,-1999.1976602608247,Stop
340,2025-05-14 10:17:00+05:30,2025-05-14 10:18:00+05:30,Short,2728.0,2729.6916072257236,1182,-1999.4797408052964,Stop
341,2025-05-15 10:16:00+05:30,2025-05-15 10:30:00+05:30,Long,2750.0,2748.1939790333267,1107,-1999.2652101072977,Stop
342,2025-05-16 10:20:00+05:30,2025-05-16 10:21:00+05:30,Short,2812.300048828125,2813.849185073647,1291,-1999.9348929686726,Stop
343,2025-05-19 10:16:00+05:30,2025-05-19 10:24:00+05:30,Long,2849.199951171875,2847.325942553283,1067,-1999.5671960378163,Stop
344,2025-05-20 10:15:00+05:30,2025-05-20 10:17:00+05:30,Long,2783.0,2781.4747299735805,1311,-1999.6290046360277,Stop
345,2025-05-22 10:15:00+05:30,2025-05-22 10:16:00+05:30,Long,2724.699951171875,2723.1868224713007,1321,-1998.8430134586115,Stop
346,2025-05-23 10:15:00+05:30,2025-05-23 10:16:00+05:30,Long,2797.800048828125,2796.332766223086,1363,-1999.9061906683546,Stop
347,2025-05-26 10:15:00+05:30,2025-05-26 10:18:00+05:30,Short,2802.800048828125,2798.217289368048,1309,5998.832133240644,Target
348,2025-05-27 10:18:00+05:30,2025-05-27 10:24:00+05:30,Short,2776.0,2771.089192362699,1221,5996.096125144371,Target
349,2025-05-28 10:15:00+05:30,2025-05-28 10:17:00+05:30,Long,2780.800048828125,2779.2269633247197,1271,-1999.391674828148,Stop
350,2025-05-29 10:15:00+05:30,2025-05-29 10:16:00+05:30,Short,2828.800048828125,2823.3377192204407,1098,5997.637909237357,Target
351,2025-05-30 10:15:00+05:30,2025-05-30 10:19:00+05:30,Long,2775.0,2773.7232544642325,1566,-1999.3835090119546,Stop
352,2025-06-02 10:19:00+05:30,2025-06-02 10:20:00+05:30,Long,2730.199951171875,2728.566096685302,1224,-1999.837891565352,Stop
353,2025-06-03 10:15:00+05:30,2025-06-03 10:16:00+05:30,Short,2762.89990234375,2764.071412351078,1707,-1999.7675825087672,Stop
354,2025-06-04 10:16:00+05:30,2025-06-04 10:23:00+05:30,Short,2768.60009765625,2769.897572665606,1541,-1999.4089894173208,Stop
355,2025-06-05 10:15:00+05:30,2025-06-05 10:24:00+05:30,Short,2754.60009765625,2755.830203939114,1625,-1998.9227096543232,Stop
356,2025-06-06 10:15:00+05:30,2025-06-06 10:17:00+05:30,Long,2729.699951171875,2727.1617413348413,787,-1997.5711417455368,Stop
357,2025-06-09 10:15:00+05:30,2025-06-09 10:16:00+05:30,Long,2735.300048828125,2733.746252147776,1287,-1999.7363276091933,Stop
358,2025-06-10 10:15:00+05:30,2025-06-10 10:16:00+05:30,Short,2743.199951171875,2743.9389180159046,2706,-1999.6442799441493,Stop
359,2025-06-11 10:15:00+05:30,2025-06-11 10:16:00+05:30,Short,2803.5,2798.2810837690963,1149,5996.534749308337,Target
360,2025-06-12 10:16:00+05:30,2025-06-12 10:23:00+05:30,Short,2778.5,2773.105873331719,1112,5998.268855128397,Target
361,2025-06-13 10:18:00+05:30,2025-06-13 10:19:00+05:30,Long,2714.89990234375,2713.095150578056,1108,-1999.6649563891333,Stop
362,2025-06-16 10:19:00+05:30,2025-06-16 10:22:00+05:30,Long,2749.800048828125,2754.094079773716,1397,5998.761230990911,Target
363,2025-06-17 10:17:00+05:30,2025-06-17 10:18:00+05:30,Short,2794.89990234375,2796.1882874272496,1552,-1999.5736495914316,Stop
364,2025-06-18 10:15:00+05:30,2025-06-18 10:19:00+05:30,Short,2822.300048828125,2817.369797688923,1216,5995.185385269666,Target
365,2025-06-19 10:17:00+05:30,2025-06-19 10:20:00+05:30,Long,2795.60009765625,2799.9581108825173,1376,5996.626199343809,Target
366,2025-06-20 10:19:00+05:30,2025-06-20 10:23:00+05:30,Long,2780.0,2778.4253057302776,1270,-1999.86172254743,Stop
367,2025-06-23 10:15:00+05:30,2025-06-23 10:21:00+05:30,Long,2771.39990234375,2775.6810249486953,1401,5997.852769528319,Target
368,2025-06-24 10:17:00+05:30,2025-06-24 10:27:00+05:30,Long,2839.10009765625,2837.2266171782835,1067,-1999.0036699902507,Stop
369,2025-06-25 10:15:00+05:30,2025-06-25 10:17:00+05:30,Long,2866.10009765625,2870.7415368130137,1292,5996.739390538676,Target
370,2025-06-26 10:15:00+05:30,2025-06-26 10:16:00+05:30,Short,2911.89990234375,2913.321089216612,1407,-1999.6099301169866,Stop
371,2025-06-27 10:17:00+05:30,2025-06-27 10:19:00+05:30,Short,2927.0,2928.2598151649318,1587,-1999.3266667466896,Stop
372,2025-06-30 10:18:00+05:30,2025-06-30 10:21:00+05:30,Short,2923.10009765625,2917.1708334979467,1011,5994.486064044677,Target
373,2025-07-01 10:15:00+05:30,2025-07-01 10:16:00+05:30,Short,2924.60009765625,2925.803369857421,1662,-1999.8383983459953,Stop
374,2025-07-02 10:15:00+05:30,2025-07-02 10:18:00+05:30,Long,2884.199951171875,2882.5017910240476,1177,-1998.7344939928098,Stop
375,2025-07-03 10:16:00+05:30,2025-07-03 10:21:00+05:30,Short,2940.89990234375,2936.5866758164075,1391,5999.698099533448,Target
376,2025-07-04 10:15:00+05:30,2025-07-04 10:18:00+05:30,Short,2899.39990234375,2895.920978469876,1724,5997.6647585587925,Target
377,2025-07-07 10:15:00+05:30,2025-07-07 10:20:00+05:30,Long,2876.5,2875.1921312335267,1529,-1999.731343937749,Stop
378,2025-07-08 10:17:00+05:30,2025-07-08 10:19:00+05:30,Long,2837.5,2841.6278580709177,1453,5997.777777043392,Target
379,2025-07-09 10:15:00+05:30,2025-07-09 10:30:00+05:30,Short,2843.5,2839.9609353791784,1695,5998.714532292597,Target
380,2025-07-10 10:15:00+05:30,2025-07-10 10:18:00+05:30,Short,2834.0,2830.41267125594,1672,5998.013660068253,Target
381,2025-07-11 10:15:00+05:30,2025-07-11 10:19:00+05:30,Short,2802.39990234375,2798.5820694268837,1571,5997.8155123970155,Target
382,2025-07-14 10:16:00+05:30,2025-07-14 10:20:00+05:30,Short,2786.300048828125,2782.3025554751416,1500,5996.240029475075,Target
383,2025-07-15 10:16:00+05:30,2025-07-15 10:18:00+05:30,Short,2837.60009765625,2833.6143713353504,1505,5998.518112953943,Target
384,2025-07-16 10:15:00+05:30,2025-07-16 10:18:00+05:30,Short,2879.199951171875,2876.0736808728784,1919,5999.312703774451,Target
385,2025-07-17 10:15:00+05:30,2025-07-17 10:16:00+05:30,Short,2893.699951171875,2894.6669795413595,2068,-1999.8146680939954,Stop
386,2025-07-18 10:15:00+05:30,2025-07-18 10:19:00+05:30,Short,2883.89990234375,2879.8576918278654,1484,5998.640405572691,Target
387,2025-07-21 10:15:00+05:30,2025-07-21 10:16:00+05:30,Long,2870.800048828125,2868.8999660298373,1052,-1998.8871037986737,Stop
388,2025-07-22 10:17:00+05:30,2025-07-22 10:18:00+05:30,Long,2797.699951171875,2802.7734747803624,1182,5996.904905232164,Target
389,2025-07-23 10:15:00+05:30,2025-07-23 10:22:00+05:30,Short,2827.89990234375,2824.4730036866035,1750,5997.0726500063165,Target
390,2025-07-24 10:16:00+05:30,2025-07-24 10:17:00+05:30,Long,2809.10009765625,2807.682656831558,1410,-1998.591562816032,Stop
391,2025-07-25 10:15:00+05:30,2025-07-25 10:23:00+05:30,Long,2735.0,2732.6499344872136,851,-1999.905751381215,Stop
392,2025-07-28 10:15:00+05:30,2025-07-28 10:17:00+05:30,Short,2826.199951171875,2828.3051727725115,950,-1999.9605206046454,Stop
393,2025-07-29 10:19:00+05:30,2025-07-29 10:24:00+05:30,Short,2810.199951171875,2805.5150893836226,1280,5996.623088963097,Target
394,2025-07-30 10:17:00+05:30,2025-07-30 10:18:00+05:30,Short,2812.89990234375,2814.2637386286574,1466,-1999.383993674238,Stop
395,2025-07-31 10:18:00+05:30,2025-07-31 10:21:00+05:30,Long,2781.800048828125,2780.415952457638,1444,-1998.6351589832084,Stop
396,2025-08-01 10:19:00+05:30,2025-08-01 10:20:00+05:30,Short,2870.0,2873.6594234781305,546,-1998.0452190592641,Stop
397,2025-08-04 10:23:00+05:30,2025-08-04 10:24:00+05:30,Short,2920.300048828125,2922.4184471085596,944,-1999.7679767302398,Stop
398,2025-08-05 10:15:00+05:30,2025-08-05 10:19:00+05:30,Short,2927.300048828125,2928.692255899346,1436,-1999.2093542734092,Stop
399,2025-08-06 10:16:00+05:30,2025-08-06 10:17:00+05:30,Short,2963.89990234375,2965.4753694408378,1269,-1999.2677462043762,Stop
400,2025-08-07 10:16:00+05:30,2025-08-07 10:18:00+05:30,Long,2961.199951171875,2959.7013921648595,1334,-1999.0777153586787,Stop
401,2025-08-08 10:15:00+05:30,2025-08-08 10:16:00+05:30,Short,2996.800048828125,2998.1136975391164,1522,-1999.373338128913,Stop
402,2025-08-11 10:15:00+05:30,2025-08-11 10:18:00+05:30,Short,2980.89990234375,2982.5043142785375,1246,-1999.0972707452866,Stop
403,2025-08-12 10:15:00+05:30,2025-08-12 10:16:00+05:30,Short,2991.800048828125,2993.546643592176,1145,-1999.8510048386515,Stop
404,2025-08-13 10:15:00+05:30,2025-08-13 10:18:00+05:30,Long,3008.300048828125,3016.279047225296,751,5992.227796275365,Target
405,2025-08-14 10:15:00+05:30,2025-08-14 10:20:00+05:30,Long,2990.89990234375,2989.027958672011,1068,-1999.2358414170285,Stop
406,2025-08-18 10:17:00+05:30,2025-08-18 10:21:00+05:30,Short,3233.60009765625,3236.175453005503,776,-1998.4757510204727,Stop
407,2025-08-19 10:18:00+05:30,2025-08-19 10:24:00+05:30,Long,3232.10009765625,3229.7850694141416,863,-1997.8693729395345,Stop
408,2025-08-20 10:21:00+05:30,2025-08-20 10:24:00+05:30,Long,3240.39990234375,3239.2096743021666,1680,-1999.5831098601047,Stop
409,2025-08-21 10:18:00+05:30,2025-08-21 10:19:00+05:30,Short,3262.0,3263.4741199142245,1356,-1998.906603688425,Stop
410,2025-08-22 10:15:00+05:30,2025-08-22 10:17:00+05:30,Long,3278.60009765625,3276.804299012813,1113,-1998.7238901455344,Stop
411,2025-08-25 10:16:00+05:30,2025-08-25 10:18:00+05:30,Long,3283.5,3281.8021932496663,1177,-1998.3185451427785,Stop
412,2025-08-26 10:16:00+05:30,2025-08-26 10:17:00+05:30,Short,3276.699951171875,3278.330499498886,1226,-1999.052248915711,Stop
413,2025-08-28 10:20:00+05:30,2025-08-28 10:28:00+05:30,Short,3273.800048828125,3275.6351406421068,1089,-1998.414985426139,Stop
414,2025-08-29 10:15:00+05:30,2025-08-29 10:24:00+05:30,Short,3293.89990234375,3288.6049442601457,1133,5999.18750872372,Target
415,2025-09-01 10:15:00+05:30,2025-09-01 10:22:00+05:30,Long,3295.5,3294.1328895619295,1462,-1998.7154604591296,Stop
416,2025-09-02 10:16:00+05:30,2025-09-02 10:23:00+05:30,Short,3370.0,3371.4583693496293,1371,-1999.4243783417228,Stop
417,2025-09-03 10:15:00+05:30,2025-09-03 10:18:00+05:30,Long,3363.699951171875,3368.173949359111,1341,5999.631569083198,Target
418,2025-09-04 10:17:00+05:30,2025-09-04 10:19:00+05:30,Long,3436.300048828125,3433.5300309863346,722,-1999.9528817726523,Stop
419,2025-09-05 10:15:00+05:30,2025-09-05 10:16:00+05:30,Long,3462.699951171875,3460.9562153308657,1146,-1998.3212737966705,Stop
420,2025-09-08 10:20:00+05:30,2025-09-08 10:25:00+05:30,Long,3543.5,3541.2460223654903,887,-1999.2781618101376,Stop
421,2025-09-09 10:16:00+05:30,2025-09-09 10:18:00+05:30,Long,3550.199951171875,3555.2949874083974,1177,5996.857650386919,Target
422,2025-09-10 10:15:00+05:30,2025-09-10 10:18:00+05:30,Long,3521.5,3526.0341461791336,1323,5998.675394993734,Target
423,2025-09-11 10:15:00+05:30,2025-09-11 10:20:00+05:30,Long,3470.5,3468.701903949726,1112,-1999.4828079048275,Stop
424,2025-09-12 10:15:00+05:30,2025-09-12 10:26:00+05:30,Short,3535.89990234375,3531.3013065963114,1304,5996.568854659927,Target
425,2025-09-15 10:17:00+05:30,2025-09-15 10:19:00+05:30,Long,3485.10009765625,3483.595343318914,1329,-1999.8185143197838,Stop
426,2025-09-16 10:15:00+05:30,2025-09-16 10:22:00+05:30,Short,3514.800048828125,3516.140513763719,1492,-1999.9736839060988,Stop
427,2025-09-17 10:15:00+05:30,2025-09-17 10:16:00+05:30,Short,3506.5,3507.936212986697,1392,-1999.2084774819086,Stop
428,2025-09-18 10:15:00+05:30,2025-09-18 10:26:00+05:30,Short,3513.0,3514.3232468277224,1511,-1999.425956688568,Stop
429,2025-09-19 10:15:00+05:30,2025-09-19 10:22:00+05:30,Short,3537.39990234375,3538.792799000765,1435,-1998.8067028167711,Stop
430,2025-09-22 10:15:00+05:30,2025-09-22 10:16:00+05:30,Short,3559.60009765625,3561.0305471660768,1398,-1999.7684147378077,Stop
431,2025-09-23 10:16:00+05:30,2025-09-23 10:19:00+05:30,Short,3566.39990234375,3560.7043548060806,1053,5997.411557165906,Target
432,2025-09-24 10:15:00+05:30,2025-09-24 10:16:00+05:30,Short,3500.89990234375,3502.575499063728,1193,-1998.986886933605,Stop
433,2025-09-25 10:16:00+05:30,2025-09-25 10:17:00+05:30,Short,3440.800048828125,3442.0869837974437,1554,-1999.8969423213157,Stop
434,2025-09-26 10:15:00+05:30,2025-09-26 10:16:00+05:30,Long,3424.300048828125,3430.6169896314955,949,5994.776822398577,Target
435,2025-09-29 10:16:00+05:30,2025-09-29 10:19:00+05:30,Long,3417.10009765625,3421.0207733121247,1530,5998.633753488252,Target
436,2025-09-30 10:15:00+05:30,2025-09-30 10:18:00+05:30,Long,3427.0,3431.3139806117897,1390,5996.433050387686,Target
437,2025-10-01 10:15:00+05:30,2025-10-01 10:16:00+05:30,Short,3443.89990234375,3445.501095387786,1249,-1999.8901120008154,Stop
438,2025-10-03 10:20:00+05:30,2025-10-03 10:23:00+05:30,Long,3399.800048828125,3407.098654788291,822,5999.454099256277,Target
439,2025-10-06 10:23:00+05:30,2025-10-06 10:32:00+05:30,Short,3495.0,3489.0474146425113,1007,5994.253454991136,Target
440,2025-10-07 10:15:00+05:30,2025-10-07 10:19:00+05:30,Short,3536.0,3538.0779822508375,962,-1999.018925305696,Stop
441,2025-10-08 10:15:00+05:30,2025-10-08 10:16:00+05:30,Short,3504.300048828125,3505.713417024896,1415,-1999.9159984309495,Stop
442,2025-10-09 10:19:00+05:30,2025-10-09 10:23:00+05:30,Short,3473.300048828125,3474.7608152474554,1369,-1999.7892280633337,Stop
443,2025-10-10 10:16:00+05:30,2025-10-10 10:18:00+05:30,Long,3488.0,3492.6226396660763,1297,5995.563646901011,Target
444,2025-10-13 10:15:00+05:30,2025-10-13 10:17:00+05:30,Short,3509.699951171875,3504.257906444913,1102,5997.133289112338,Target
445,2025-10-14 10:15:00+05:30,2025-10-14 10:16:00+05:30,Long,3485.800048828125,3483.7762634326596,988,-1999.499970719853,Stop
446,2025-10-15 10:15:00+05:30,2025-10-15 10:21:00+05:30,Long,3538.0,3541.14699803641,1906,5998.1782573974,Target
447,2025-10-16 10:20:00+05:30,2025-10-16 10:27:00+05:30,Long,3599.5,3597.1416746218097,848,-1999.8599207053994,Stop
448,2025-10-17 10:16:00+05:30,2025-10-17 10:19:00+05:30,Long,3620.39990234375,3618.1796491443515,900,-1998.2278794586364,Stop
449,2025-10-20 10:17:00+05:30,2025-10-20 10:18:00+05:30,Long,3668.199951171875,3672.4047867072504,1426,5996.0954734453535,Target
450,2025-10-21 13:45:00+05:30,2025-10-21 13:46:00+05:30,Short,3675.60009765625,3677.3986606459953,1111,-1998.203481607004,Stop
451,2025-10-23 10:15:00+05:30,2025-10-23 10:28:00+05:30,Long,3649.0,3646.755324149479,890,-1997.761506963834,Stop
452,2025-10-24 10:15:00+05:30,2025-10-24 10:16:00+05:30,Short,3621.10009765625,3622.9951470392853,1055,-1999.2770991021962,Stop
453,2025-10-27 10:15:00+05:30,2025-10-27 10:18:00+05:30,Short,3624.5,3621.4363857302674,1958,5998.55674013648,Target
454,2025-10-28 10:15:00+05:30,2025-10-28 10:18:00+05:30,Short,3660.199951171875,3662.4148999974136,902,-1997.883840635829,Stop
455,2025-10-29 10:16:00+05:30,2025-10-29 10:22:00+05:30,Short,3523.699951171875,3516.457798338532,828,5996.50254600798,Target
456,2025-10-30 10:15:00+05:30,2025-10-30 10:23:00+05:30,Short,3504.0,3506.5099284334797,796,-1997.903033049819,Stop
457,2025-10-31 10:17:00+05:30,2025-10-31 10:19:00+05:30,Short,3531.89990234375,3533.225720997685,1508,-1999.334530134176,Stop
458,2025-11-03 10:16:00+05:30,2025-11-03 10:17:00+05:30,Short,3519.5,3521.661133223991,925,-1999.0482321915579,Stop
459,2025-11-04 10:17:00+05:30,2025-11-04 10:19:00+05:30,Short,3505.0,3507.023542726805,988,-1999.2602140832041,Stop
460,2025-11-06 10:15:00+05:30,2025-11-06 10:16:00+05:30,Long,3459.699951171875,3457.758469448094,1030,-1999.7261754946157,Stop
461,2025-11-07 10:15:00+05:30,2025-11-07 10:16:00+05:30,Long,3370.199951171875,3367.841326233784,847,-1997.755322563075,Stop
462,2025-11-10 10:16:00+05:30,2025-11-10 10:17:00+05:30,Short,3492.39990234375,3493.7836630904367,1445,-1999.5342789622464,Stop
463,2025-11-11 10:15:00+05:30,2025-11-11 10:19:00+05:30,Short,3478.699951171875,3474.579542459194,1456,5999.315085663802,Target
464,2025-11-12 10:16:00+05:30,2025-11-12 10:17:00+05:30,Short,3472.10009765625,3474.040199287431,1030,-1998.3046801162482,Stop
465,2025-11-13 10:15:00+05:30,2025-11-13 10:16:00+05:30,Short,3469.5,3464.823565280752,1283,5999.865744795103,Target
466,2025-11-14 10:17:00+05:30,2025-11-14 10:19:00+05:30,Short,3429.0,3423.589330678254,1108,5995.021608494457,Target
467,2025-11-17 10:18:00+05:30,2025-11-17 10:19:00+05:30,Short,3408.800048828125,3410.095348550556,1544,-1999.9427714335907,Stop
468,2025-11-18 10:16:00+05:30,2025-11-18 10:17:00+05:30,Short,3484.5,3479.758502969615,1265,5997.993743436817,Target
469,2025-11-19 10:15:00+05:30,2025-11-19 10:16:00+05:30,Short,3482.0,3483.234840266363,1619,-1999.2063912415033,Stop
470,2025-11-20 10:17:00+05:30,2025-11-20 10:19:00+05:30,Long,3472.0,3470.046681965092,1023,-1998.2443497109653,Stop
471,2025-11-21 10:15:00+05:30,2025-11-21 10:18:00+05:30,Short,3461.60009765625,3456.164486482366,1103,5995.479124793941,Target
472,2025-11-24 10:18:00+05:30,2025-11-24 10:24:00+05:30,Short,3458.800048828125,3453.1595857463617,1063,5995.8122559143885,Target
473,2025-11-25 10:15:00+05:30,2025-11-25 10:21:00+05:30,Short,3471.699951171875,3473.352727786793,1210,-1999.859704050673,Stop
474,2025-11-26 10:18:00+05:30,2025-11-26 10:20:00+05:30,Long,3485.39990234375,3484.253442670519,1744,-1999.425670115248,Stop
475,2025-11-27 10:17:00+05:30,2025-11-27 10:18:00+05:30,Long,3538.0,3536.3747044591255,1230,-1999.1135152756397,Stop
476,2025-11-28 10:16:00+05:30,2025-11-28 10:25:00+05:30,Short,3545.199951171875,3538.8674383610337,947,5996.889631866719,Target
477,2025-12-01 10:19:00+05:30,2025-12-01 10:27:00+05:30,Long,3625.699951171875,3623.5705741500396,939,-1999.4850235033964,Stop
478,2025-12-02 10:15:00+05:30,2025-12-02 10:16:00+05:30,Short,3674.60009765625,3676.6810129801943,961,-1999.7596263104551,Stop
479,2025-12-03 10:17:00+05:30,2025-12-03 10:18:00+05:30,Short,3640.800048828125,3642.626414411508,1095,-1999.8703138043788,Stop
480,2025-12-04 10:15:00+05:30,2025-12-04 10:16:00+05:30,Short,3652.89990234375,3647.7935369363045,1175,5999.979353748506,Target
481,2025-12-05 10:16:00+05:30,2025-12-05 10:19:00+05:30,Short,3664.800048828125,3667.0024917430806,908,-1999.8181667796434,Stop
482,2025-12-08 10:23:00+05:30,2025-12-08 10:27:00+05:30,Short,3617.0,3611.847631470767,1164,5997.356968027412,Target
483,2025-12-09 10:19:00+05:30,2025-12-09 10:22:00+05:30,Short,3594.800048828125,3597.616829181955,710,-1999.914051219248,Stop
484,2025-12-10 10:15:00+05:30,2025-12-10 10:20:00+05:30,Short,3650.699951171875,3652.4466068026613,1145,-1999.9206972503544,Stop
485,2025-12-11 10:15:00+05:30,2025-12-11 10:17:00+05:30,Short,3636.699951171875,3638.609042237173,1047,-1998.8183453670804,Stop
486,2025-12-12 10:15:00+05:30,2025-12-12 10:18:00+05:30,Short,3650.199951171875,3645.05944929961,1167,5998.965684933079,Target
487,2025-12-15 10:15:00+05:30,2025-12-15 10:20:00+05:30,Short,3616.60009765625,3617.8725225978383,1571,-1998.9795832351715,Stop
488,2025-12-16 10:17:00+05:30,2025-12-16 10:19:00+05:30,Short,3626.5,3627.94704783851,1382,-1999.8201128209803,Stop
489,2025-12-17 10:16:00+05:30,2025-12-17 10:17:00+05:30,Short,3639.0,3640.599205837618,1250,-1999.0072970222172,Stop
490,2025-12-18 10:16:00+05:30,2025-12-18 10:19:00+05:30,Long,3576.89990234375,3584.1977297149247,822,5998.8140991055725,Target
491,2025-12-19 10:16:00+05:30,2025-12-19 10:27:00+05:30,Long,3615.89990234375,3619.993130233006,1465,5996.57885776006,Target
